person,file,n_events,lenient,strict,suspected_only,latency_s
person1,walking_1002_01.csv,1,True,True,False,2.009
person1,walking_1002_02.csv,1,True,True,False,2.01
person1,walking_1002_03.csv,1,True,True,False,1.978
person1,walking_1002_04.csv,1,True,True,False,2.012
person1,walking_1002_05.csv,1,True,True,False,1.981
person1,walking_1002_06.csv,1,True,True,False,1.978
person1,walking_1002_07.csv,2,True,True,False,2.008
person1,walking_1002_08.csv,1,True,True,False,2.012
person1,walking_1002_09.csv,1,True,True,False,2.009
person1,walking_1002_10.csv,1,True,True,False,1.982
person1,walking_1002_11.csv,1,True,True,False,2.011
person1,walking_1002_12.csv,1,True,True,False,1.981
person1,walking_1002_13.csv,1,False,False,True,
person1,walking_1002_14.csv,1,True,True,False,1.981
person1,walking_1002_15.csv,1,True,True,False,2.009
person1,walking_1002_16.csv,1,True,True,False,2.009
person1,walking_1002_17.csv,1,True,True,False,2.007
person1,walking_1002_18.csv,1,True,True,False,2.01
person1,walking_1002_19.csv,1,True,True,False,2.039
person1,walking_1002_20.csv,1,True,True,False,2.013
person2,fall_1002_01.csv,1,True,True,False,1.741
person2,fall_1002_02.csv,1,True,True,False,2.008
person2,fall_1002_03.csv,2,True,True,False,1.981
person2,fall_1002_04.csv,2,True,True,False,2.01
person2,fall_1002_05.csv,1,True,True,False,2.011
person2,fall_1002_06.csv,1,True,True,False,2.009
person2,fall_1002_24.csv,1,True,True,False,2.008
person2,fall_1002_27.csv,2,False,False,True,
person2,fall_1002_28.csv,2,True,True,False,1.982
person2,fall_1002_29.csv,1,True,True,False,1.86
person3,fall_1002_30.csv,1,True,True,False,1.711
person3,fall_1002_31.csv,2,True,True,False,1.977
person3,fall_1002_32.csv,1,True,True,False,2.006
person3,fall_1002_33.csv,2,True,True,False,1.771
person3,fall_1002_34.csv,1,True,True,False,1.77
person3,fall_1002_37.csv,1,True,True,False,2.009
person3,fall_1002_38.csv,1,True,True,False,2.04
person3,fall_1002_39.csv,1,True,True,False,2.012
person4,walking_1002_37.csv,1,True,True,False,1.979
person4,walking_1002_38.csv,1,True,True,False,1.978
person4,walking_1002_39.csv,1,True,True,False,2.012
person4,walking_1002_40.csv,1,True,True,False,1.798
person4,walking_1002_41.csv,1,True,True,False,1.978
person4,walking_1002_42.csv,1,True,True,False,2.009
person4,walking_1002_43.csv,1,True,True,False,2.315
person4,walking_1002_44.csv,2,True,True,False,1.83
person4,walking_1002_45.csv,1,True,True,False,1.859
person4,walking_1002_46.csv,1,True,True,False,1.772
person4,walking_1002_47.csv,1,True,True,False,2.008
person4,walking_1002_48.csv,1,True,True,False,2.009
person4,walking_1002_49.csv,1,True,True,False,1.982
person4,walking_1002_50.csv,1,True,True,False,1.981
person4,walking_1002_51.csv,1,True,True,False,1.866
person6,walking_1002_22.csv,1,True,True,False,1.823
person6,walking_1002_28.csv,1,True,True,False,2.005
person6,walking_1002_53.csv,1,True,True,False,1.914
person6,walking_1002_54.csv,1,True,True,False,1.468
person6,walking_1002_56.csv,1,True,True,False,1.65
person6,walking_1002_57.csv,1,True,True,False,2.045
person6,walking_1002_58.csv,1,True,True,False,1.562
person6,walking_1002_60.csv,1,True,True,False,1.62
person6,walking_1002_61.csv,1,True,True,False,1.434
person6,walking_1002_62.csv,1,True,True,False,1.681
person6,walking_1002_66.csv,2,True,True,False,1.797
person6,walking_1002_68.csv,1,True,True,False,1.891
person6,walking_1002_69.csv,1,True,True,False,2.012
person6,walking_1002_70.csv,1,True,True,False,2.04
