dataset,group,method,Accuracy,Precision,Recall,F1,AUC,Spec (ADL trials),FA/h
Own,rule,"OURS web rule (1.6 g, 50 deg, 200 dps)",98.88,95.59,97.01,96.3,,100.0,0.52
Own,rule,Bourke 2007 (3.52 g / 0.41 g),66.29,28.72,83.58,42.75,,100.0,23.91
Own,rule,Bourke 2007 adapted (1.79 g / 0.73 g),51.46,23.67,100.0,38.29,,20.0,35.78
Own,rule,Bourke 2010 (velocity+impact+posture),91.24,100.0,41.79,58.95,,100.0,0.0
Own,rule,Kangas 2008-1a (impact+posture),92.58,70.73,86.57,77.85,,90.0,3.96
Own,rule,Kangas 2008-2b (start+impact+posture),93.48,73.75,88.06,80.27,,100.0,3.61
Own,rule,Chen 2005 (impact+orientation),96.85,83.54,98.51,90.41,,90.0,2.06
Own,frozen ML (trained on Own),ML frozen: RF+HistGB alone (43 feats),96.85,82.72,100.0,90.54,,40.0,1.38
Own,frozen ML (trained on Own),ML frozen AND tilt>=40 (tiered FALL),97.3,86.67,97.01,91.55,,40.0,0.69
UNIVRFall,rule,"OURS web rule (1.6 g, 50 deg, 200 dps)",89.55,97.29,80.1,87.86,,98.0,
UNIVRFall,rule,Bourke 2007 (3.52 g / 0.41 g),74.88,65.82,97.43,78.56,,54.69,
UNIVRFall,rule,Bourke 2007 adapted (1.79 g / 0.73 g),57.46,52.62,100.0,68.95,,19.35,
UNIVRFall,rule,Bourke 2010 (velocity+impact+posture),95.95,99.44,91.94,95.54,,99.54,
UNIVRFall,rule,Kangas 2008-1a (impact+posture),96.19,97.18,94.68,95.92,,97.54,
UNIVRFall,rule,Kangas 2008-2b (start+impact+posture),96.52,96.55,96.05,96.3,,96.93,
UNIVRFall,rule,Chen 2005 (impact+orientation),93.92,89.08,99.31,93.92,,89.09,
UNIVRFall,frozen ML (trained on Own),ML frozen: RF+HistGB alone (43 feats),86.22,77.42,100.0,87.28,,73.89,
UNIVRFall,frozen ML (trained on Own),ML frozen AND tilt>=40 (tiered FALL),94.08,90.35,97.94,93.99,,90.63,
SisFall,rule,"OURS web rule (1.6 g, 50 deg, 200 dps)",91.39,96.44,81.42,88.3,,98.01,
SisFall,rule,Bourke 2007 (3.52 g / 0.41 g),76.45,64.28,92.27,75.77,,65.94,
SisFall,rule,Bourke 2007 adapted (1.79 g / 0.73 g),61.86,51.14,100.0,67.67,,36.53,
SisFall,rule,Bourke 2010 (velocity+impact+posture),93.81,98.53,85.76,91.7,,99.15,
SisFall,rule,Kangas 2008-1a (impact+posture),96.27,95.38,95.27,95.33,,96.93,
SisFall,rule,Kangas 2008-2b (start+impact+posture),96.6,95.52,96.0,95.76,,97.01,
SisFall,rule,Chen 2005 (impact+orientation),90.34,81.22,98.61,89.07,,84.85,
SisFall,frozen ML (trained on Own),ML frozen: RF+HistGB alone (43 feats),82.11,69.08,99.89,81.67,,70.3,
SisFall,frozen ML (trained on Own),ML frozen AND tilt>=40 (tiered FALL),93.14,86.77,97.72,91.92,,90.1,
Own,"learned, pooled 5-fold by subject",CNN-BiLSTM,94.16,72.04,100.0,83.75,100.0,100.0,4.47
Own,"learned, pooled 5-fold by subject",Dilated TCN,98.88,95.59,97.01,96.3,99.97,100.0,0.52
Own,"learned, pooled 5-fold by subject",MultiScale1DCNN,97.08,83.75,100.0,91.16,100.0,70.0,1.72
Own,"learned, pooled 5-fold by subject",RF 43 features (deployed),98.65,92.96,98.51,95.65,99.99,90.0,0.69
Own,"learned, pooled 5-fold by subject",SE-EdgeNet1D,98.43,90.54,100.0,95.04,99.95,100.0,1.2
Own,"learned, pooled 5-fold by subject",TinyFallNet (proposed),96.4,80.72,100.0,89.33,99.91,100.0,2.75
Own,"learned, pooled 5-fold by subject",Transformer,97.98,88.16,100.0,93.71,100.0,100.0,1.55
SisFall,"learned, pooled 5-fold by subject",CNN-BiLSTM,98.29,96.19,99.67,97.9,99.93,97.38,
SisFall,"learned, pooled 5-fold by subject",Dilated TCN,97.82,95.36,99.39,97.33,99.9,96.79,
SisFall,"learned, pooled 5-fold by subject",MultiScale1DCNN,98.4,96.4,99.72,98.03,99.91,97.52,
SisFall,"learned, pooled 5-fold by subject",RF 43 features (deployed),97.87,96.35,98.39,97.36,99.88,97.52,
SisFall,"learned, pooled 5-fold by subject",SE-EdgeNet1D,98.16,96.03,99.5,97.73,99.9,97.27,
SisFall,"learned, pooled 5-fold by subject",TinyFallNet (proposed),97.96,95.71,99.33,97.49,99.89,97.04,
SisFall,"learned, pooled 5-fold by subject",Transformer,98.18,95.98,99.61,97.76,99.94,97.23,
UNIVRFall,"learned, pooled 5-fold by subject",CNN-BiLSTM,97.89,95.88,99.83,97.82,99.86,96.16,
UNIVRFall,"learned, pooled 5-fold by subject",Dilated TCN,97.49,95.1,99.83,97.41,99.92,95.39,
UNIVRFall,"learned, pooled 5-fold by subject",MultiScale1DCNN,97.57,95.25,99.83,97.49,99.95,95.55,
UNIVRFall,"learned, pooled 5-fold by subject",RF 43 features (deployed),97.33,94.64,100.0,97.25,99.79,94.93,
UNIVRFall,"learned, pooled 5-fold by subject",SE-EdgeNet1D,98.06,96.2,99.83,97.98,99.91,96.47,
UNIVRFall,"learned, pooled 5-fold by subject",TinyFallNet (proposed),97.33,94.93,99.66,97.24,99.9,95.24,
UNIVRFall,"learned, pooled 5-fold by subject",Transformer,97.49,94.95,100.0,97.41,99.91,95.24,
Own,"learned, own-data 5-fold by person @1 FA/h",RF 43 features (own),97.08,84.62,98.51,91.03,99.76,50.0,1.2
Own,"learned, own-data 5-fold by person @1 FA/h",TinyFallNet-Phys (own),96.63,91.94,85.07,88.37,99.31,80.0,0.52
Own,"learned, own-data 5-fold by person @1 FA/h",TinyFallNet-Phys (public+own),97.75,91.3,94.03,92.65,99.71,100.0,1.03
Own,"learned, own-data 5-fold by person @1 FA/h",TinyFallNet (own),97.98,92.65,94.03,93.33,99.17,80.0,0.52
Own,"learned, own-data 5-fold by person @1 FA/h",TinyFallNet (public+own),97.98,90.28,97.01,93.53,99.67,100.0,1.2
